{
    "collapsed_active": {
        "dum0_b": {
            "map": 0.8945776579387702,
            "mean": 0.8945551524874045,
            "s1_high": 0.8998048604907228,
            "s1_low": 0.8897942715128138
        },
        "dum0_pa": {
            "map": -44.350819816901826,
            "mean": -44.34913170493187,
            "s1_high": -42.26434914765446,
            "s1_low": -46.51967188940491
        },
        "dum0_q": {
            "map": 0.7985550969888867,
            "mean": 0.7985060682605848,
            "s1_high": 0.8095680543028011,
            "s1_low": 0.788561538315925
        },
        "dum0_x0": {
            "map": -0.043529306909180845,
            "mean": -0.04353231731679223,
            "s1_high": -0.04088400403617928,
            "s1_low": -0.04724049616976331
        },
        "dum0_y0": {
            "map": 0.01731094459543321,
            "mean": 0.017314662985317707,
            "s1_high": 0.020155643198869228,
            "s1_low": 0.014348125031423797
        },
        "g": {
            "map": 0.03243157538464164,
            "mean": 0.0324196608121059,
            "s1_high": 0.03562093006592322,
            "s1_low": 0.029643865706829323
        },
        "lambda_dpsi": {
            "map": 117961.62047752149,
            "mean": 120906.1215642091,
            "s1_high": 141698.99450573797,
            "s1_low": 90852.39332495426
        },
        "lambda_s": {
            "map": 83.306006588679,
            "mean": 83.741909150091,
            "s1_high": 92.05983959025542,
            "s1_low": 74.29896419223864
        },
        "phi": {
            "map": 49.23330819760545,
            "mean": 49.23162933089843,
            "s1_high": 53.43035381195344,
            "s1_low": 45.591456958641814
        },
        "sdev_dpsi": {
            "map": 0.37953027010563606,
            "mean": 0.38133128292414925,
            "s1_high": 0.4191720031039327,
            "s1_low": 0.34323090968585174
        },
        "sdev_s": {
            "map": 0.12878167565144724,
            "mean": 0.1288366654140766,
            "s1_high": 0.13297160344604883,
            "s1_low": 0.12479688578893997
        }
    },
    "collapsed_all": {
        "cmax_dpsi": 0.001,
        "cmax_s": 0.001,
        "dum0_b": 0.8945776579387702,
        "dum0_pa": -44.350819816901826,
        "dum0_q": 0.7985550969888867,
        "dum0_x0": -0.043529306909180845,
        "dum0_y0": 0.01731094459543321,
        "g": 0.03243157538464164,
        "lambda_dpsi": 117961.62047752149,
        "lambda_s": 83.306006588679,
        "phi": 49.23330819760545,
        "sdev_dpsi": 0.37953027010563606,
        "sdev_s": 0.12878167565144724
    },
    "json_active": {
        "lenses": {
            "dum0": [
                {
                    "map": 0.8945776579387702,
                    "mean": 0.894283215684414,
                    "nam": "b",
                    "s1_high": 0.9007788472473442,
                    "s1_low": 0.8871500202918181
                },
                {
                    "map": 0.7985550969888867,
                    "mean": 0.7977488228816975,
                    "nam": "q",
                    "s1_high": 0.8110165580418944,
                    "s1_low": 0.7841584559716047
                },
                {
                    "map": -44.350819816901826,
                    "mean": -44.84063397472008,
                    "nam": "pa",
                    "s1_high": -42.317838063979224,
                    "s1_low": -47.283016377796514
                },
                {
                    "map": -0.043529306909180845,
                    "mean": -0.043459688246893356,
                    "nam": "x0",
                    "s1_high": -0.03955305220931249,
                    "s1_low": -0.047042055567046555
                },
                {
                    "map": 0.01731094459543321,
                    "mean": 0.017561739273751802,
                    "nam": "y0",
                    "s1_high": 0.021283365331059474,
                    "s1_low": 0.01390911079328641
                }
            ]
        },
        "physical": [
            {
                "map": 0.03243157538464164,
                "mean": 0.03212859205089898,
                "nam": "g",
                "s1_high": 0.03587682619732848,
                "s1_low": 0.028011467314099266
            },
            {
                "map": 49.23330819760545,
                "mean": 49.12146997107252,
                "nam": "phi",
                "s1_high": 53.2745516079999,
                "s1_low": 45.92434870904261
            }
        ],
        "reg_dpsi": [
            {
                "map": 117961.62047752149,
                "mean": 140077.76307843655,
                "nam": "lambda_dpsi",
                "s1_high": 192918.736948382,
                "s1_low": 100952.63737321294
            },
            {
                "map": 0.37953027010563606,
                "mean": 0.38662536351295584,
                "nam": "sdev_dpsi",
                "s1_high": 0.43893188386263693,
                "s1_low": 0.3350694945741895
            }
        ],
        "reg_s": [
            {
                "map": 83.306006588679,
                "mean": 84.61415262206249,
                "nam": "lambda_s",
                "s1_high": 96.54241547940826,
                "s1_low": 72.93576028280604
            },
            {
                "map": 0.12878167565144724,
                "mean": 0.12894738637550862,
                "nam": "sdev_s",
                "s1_high": 0.13435636514704058,
                "s1_low": 0.12365470769761641
            }
        ]
    },
    "terms": {
        "Nilog2pi": -3570.995140033358,
        "Nplogl_p": 5213.56756607058,
        "Nslogl_s": 1579.3221638281004,
        "chi2": -1724.1221584379937,
        "detA": -8727.928933933817,
        "detCd": 24021.551200932165,
        "detCp": 893.10153299035,
        "detCs": 607.0310684485786,
        "evidence": 18110.667885495906,
        "reg": -180.8594143686952
    }
}