{
    "minimizer": "multinest",
    "parameters":
    {
	"dum0_b" : 
	{
	    "map" : 0.8814219673997844,
	    "maxlike" : 0.88152274056041047,
	    "mean" : 0.88492849012138552,
	    "sdev" : 0.87920656678401632
	},
	"dum0_pa" : 
	{
	    "map" : -43.768822797075188,
	    "maxlike" : -43.730212698513704,
	    "mean" : -42.737711864372088,
	    "sdev" : -45.095901143701262
	},
	"dum0_q" : 
	{
	    "map" : 0.77205627278907385,
	    "maxlike" : 0.77218665133019659,
	    "mean" : 0.77923436431555837,
	    "sdev" : 0.76761519983827464
	},
	"dum0_x0" : 
	{
	    "map" : -0.053550264066152105,
	    "maxlike" : -0.053608761717912526,
	    "mean" : -0.052821111291329284,
	    "sdev" : -0.054809258899017103
	},
	"dum0_y0" : 
	{
	    "map" : 0.025827572587269809,
	    "maxlike" : 0.025843769391870046,
	    "mean" : 0.026982720007863305,
	    "sdev" : 0.024233127072979518
	},
	"shear_g" : 
	{
	    "map" : 0.036340632324264807,
	    "maxlike" : 0.036432850311300551,
	    "mean" : 0.038478630527399797,
	    "sdev" : 0.035116308070199477
	},
	"dpsi_lambda" : 
	{
	    "map" : 20345.966199577189,
	    "maxlike" : 24639.805462151078,
	    "mean" : 35622.583680312666,
	    "sdev" : 15734.377949388687
	},
	"src1_lambda" : 
	{
	    "map" : 75.357720348669645,
	    "maxlike" : 79.79496216284052,
	    "mean" : 100.33637268727205,
	    "sdev" : 58.242491429059505
	},
	"shear_phi" : 
	{
	    "map" : 47.52758557442138,
	    "maxlike" : 47.39158182168061,
	    "mean" : 49.442852898045246,
	    "sdev" : 45.248385015728218
	},
	"dpsi_sdev" : 
	{
	    "map" : 0.28511922799545131,
	    "maxlike" : 0.30874732728609916,
	    "mean" : 0.42606329342054561,
	    "sdev" : 0.23541093446812458
	},
	"src1_sdev" : 
	{
	    "map" : 0.15395476782731385,
	    "maxlike" : 0.1741488809346449,
	    "mean" : 0.27056161087918679,
	    "sdev" : 0.12510511634654117
	}
    },
    "replacements" : 4708,
    "total_samples" : 884960
}
