{
    "collapsed_active": {
        "dum0_b": {
            "map": 0.8814219673997844,
            "mean": 0.8814246016745981,
            "s1_high": 0.8825095090438344,
            "s1_low": 0.8791649667847735
        },
        "dum0_pa": {
            "map": -43.76882279707519,
            "mean": -43.76909169557701,
            "s1_high": -43.126073151919634,
            "s1_low": -44.22930361190233
        },
        "dum0_q": {
            "map": 0.7720562727890738,
            "mean": 0.7720619717476859,
            "s1_high": 0.7743216272808227,
            "s1_low": 0.7673079964081363
        },
        "dum0_x0": {
            "map": -0.053550264066152105,
            "mean": -0.053550813768804884,
            "s1_high": -0.052952332507673,
            "s1_low": -0.05391717431405136
        },
        "dum0_y0": {
            "map": 0.02582757258726981,
            "mean": 0.025827996066681114,
            "s1_high": 0.026612638447474718,
            "s1_low": 0.02521771310859064
        },
        "g": {
            "map": 0.03634063232426481,
            "mean": 0.03634274485017125,
            "s1_high": 0.036927600997535524,
            "s1_low": 0.03481059202002669
        },
        "lambda_dpsi": {
            "map": 20345.96619957719,
            "mean": 21494.28596356246,
            "s1_high": 27185.772119989095,
            "s1_low": 13544.3138042061
        },
        "lambda_s": {
            "map": 75.35772034866964,
            "mean": 77.1628603349643,
            "s1_high": 92.97861036506806,
            "s1_low": 61.063579682518075
        },
        "phi": {
            "map": 47.52758557442138,
            "mean": 47.528088633652075,
            "s1_high": 48.604448882284615,
            "s1_low": 46.46501510972085
        },
        "sdev_dpsi": {
            "map": 0.2851192279954513,
            "mean": 0.2916166790152591,
            "s1_high": 0.3261197300033212,
            "s1_low": 0.22102395967654054
        },
        "sdev_s": {
            "map": 0.15395476782731385,
            "mean": 0.15921587765507925,
            "s1_high": 0.1808154046188417,
            "s1_low": 0.1120921210264619
        }
    },
    "collapsed_all": {
        "cmax_dpsi": 0.001,
        "cmax_s": 0.001,
        "dum0_b": 0.8814219673997844,
        "dum0_pa": -43.76882279707519,
        "dum0_q": 0.7720562727890738,
        "dum0_x0": -0.053550264066152105,
        "dum0_y0": 0.02582757258726981,
        "g": 0.03634063232426481,
        "lambda_dpsi": 20345.96619957719,
        "lambda_s": 75.35772034866964,
        "phi": 47.52758557442138,
        "sdev_dpsi": 0.2851192279954513,
        "sdev_s": 0.15395476782731385
    },
    "json_active": {
        "lenses": {
            "dum0": [
                {
                    "map": 0.8814219673997844,
                    "mean": 0.8815227405604105,
                    "nam": "b",
                    "s1_high": 0.8849284901213855,
                    "s1_low": 0.8792065667840163
                },
                {
                    "map": 0.7720562727890738,
                    "mean": 0.7721866513301966,
                    "nam": "q",
                    "s1_high": 0.7792343643155584,
                    "s1_low": 0.7676151998382746
                },
                {
                    "map": -43.76882279707519,
                    "mean": -43.730212698513704,
                    "nam": "pa",
                    "s1_high": -42.73771186437209,
                    "s1_low": -45.09590114370126
                },
                {
                    "map": -0.053550264066152105,
                    "mean": -0.053608761717912526,
                    "nam": "x0",
                    "s1_high": -0.052821111291329284,
                    "s1_low": -0.0548092588990171
                },
                {
                    "map": 0.02582757258726981,
                    "mean": 0.025843769391870046,
                    "nam": "y0",
                    "s1_high": 0.026982720007863305,
                    "s1_low": 0.02423312707297952
                }
            ]
        },
        "physical": [
            {
                "map": 0.03634063232426481,
                "mean": 0.03643285031130055,
                "nam": "g",
                "s1_high": 0.0384786305273998,
                "s1_low": 0.03511630807019948
            },
            {
                "map": 47.52758557442138,
                "mean": 47.39158182168061,
                "nam": "phi",
                "s1_high": 49.442852898045246,
                "s1_low": 45.24838501572822
            }
        ],
        "reg_dpsi": [
            {
                "map": 20345.96619957719,
                "mean": 24639.80546215108,
                "nam": "lambda_dpsi",
                "s1_high": 35622.583680312666,
                "s1_low": 15734.377949388687
            },
            {
                "map": 0.2851192279954513,
                "mean": 0.30874732728609916,
                "nam": "sdev_dpsi",
                "s1_high": 0.4260632934205456,
                "s1_low": 0.23541093446812458
            }
        ],
        "reg_s": [
            {
                "map": 75.35772034866964,
                "mean": 79.79496216284052,
                "nam": "lambda_s",
                "s1_high": 100.33637268727205,
                "s1_low": 58.242491429059505
            },
            {
                "map": 0.15395476782731385,
                "mean": 0.1741488809346449,
                "nam": "sdev_s",
                "s1_high": 0.2705616108791868,
                "s1_low": 0.12510511634654117
            }
        ]
    },
    "terms": {
        "Nilog2pi": -3145.5265991595948,
        "Nplogl_p": 4579.847046250372,
        "Nslogl_s": 1668.136060828565,
        "chi2": -1616.1452890835174,
        "detA": -7981.980280086107,
        "detCd": 26011.98525825274,
        "detCp": 710.4896700050087,
        "detCs": 394.74591252609923,
        "evidence": 20374.81606872079,
        "reg": -246.7357108127754
    }
}